customer_id,age,gender,plan_type,monthly_payment,contract_length,data_usage,voice_usage,text_usage,customer_rating
1,57,Female,premium,181.18,23,98.89,986.49,799.75,4
2,24,Male,unlimited,374.59,22,28.09,586.89,875.62,4
3,76,Female,premium,47.24,4,14.03,71.31,327.85,2
4,50,Female,premium,357.55,19,3.25,118.54,619.85,3
5,43,Female,basic,438.7,1,83.15,973.44,982.31,4
6,30,Female,unlimited,88.74,2,37.63,39.7,769.24,5
7,26,Female,basic,262.16,24,23.02,521.01,824.05,5
8,51,Female,basic,216.66,12,35.45,597.05,481.53,2
9,76,Male,basic,293.53,10,40.12,145.76,485.98,2
10,85,Male,premium,310.04,17,85.26,992.5,844.31,1
11,47,Male,premium,213.02,17,63.83,8.93,748.09,2
12,55,Male,unlimited,244.64,2,0.24,407.57,821.1,1
13,61,Female,premium,275.2,4,74.66,620.62,436.64,4
14,70,Male,unlimited,418.35,15,35.46,212.55,800.76,5
15,48,Male,premium,56.35,8,1.49,958.84,108.78,5
16,33,Female,basic,402.72,15,72.51,164.46,991.52,5
17,46,Female,basic,12.86,6,50.12,189.37,175.37,1
18,44,Male,basic,111.62,2,38.73,923.19,959.73,1
19,27,Female,unlimited,158.68,13,91.96,164.41,887.11,3
20,60,Bigender,basic,391.08,10,77.23,283.31,678.1,3
21,68,Agender,premium,129.64,17,46.77,101.91,580.35,3
22,77,Female,unlimited,480.26,23,4.32,896.43,745.24,2
23,29,Male,basic,197.11,5,86.3,341.3,829.24,5
24,82,Female,basic,26.37,7,54.19,649.16,22.53,2
25,38,Female,basic,146.61,12,14.29,357.75,862.06,3
26,56,Male,unlimited,442.04,24,5.97,210.11,601.49,4
27,28,Female,premium,446.15,17,81.33,626.18,595.54,2
28,73,Female,premium,92.36,5,70.3,264.01,583.27,5
29,70,Female,basic,448.89,7,80.71,82.47,573.91,4
30,59,Female,basic,151.99,22,7.73,871.44,535.62,2
31,85,Male,premium,258.14,14,16.69,200.44,959.15,3
32,45,Male,premium,250.6,13,43.5,340.37,72.25,5
33,62,Female,premium,466.89,23,53.07,142.86,983.94,3
34,81,Female,unlimited,23.81,24,46.24,282.22,178.8,4
35,85,Female,basic,177.78,6,15.39,673.29,802.28,5
36,49,Male,unlimited,406.51,18,60.12,26.2,692.23,1
37,25,Female,basic,211.6,17,18.29,817.41,731.83,2
38,45,Female,basic,382.75,1,51.76,156.45,247.21,3
39,60,Male,basic,310.52,9,59.59,925.83,444.59,2
40,73,Female,premium,377.93,11,87.39,748.71,727.48,4
41,74,Male,basic,14.42,11,65.6,121.33,775.65,2
42,39,Male,basic,184.92,12,57.65,681.65,846.25,1
43,30,Male,premium,425,6,99.27,787.52,69.87,5
44,39,Female,unlimited,259.86,14,30.14,418.77,1.89,2
45,76,Female,unlimited,356.94,9,18.17,630.62,779.93,4
46,58,Female,unlimited,258.37,19,6.28,555.63,344.9,5
47,74,Female,unlimited,104.97,14,68.22,95.12,774.91,3
48,28,Female,basic,419.63,15,72.75,742.33,441.88,5
49,84,Male,premium,16.01,22,78.3,613.59,434.54,2
50,51,Female,unlimited,405.91,19,37.79,933.78,202.15,3
51,85,Female,unlimited,186.26,22,6.19,450.39,200.03,3
52,54,Female,unlimited,290.47,21,92.67,641.39,425.98,3
53,47,Male,basic,329.05,12,79.29,176.63,740,3
54,47,Male,unlimited,457.67,8,93.49,190.26,306.01,1
55,52,Male,basic,6.01,14,83.84,974.67,507.35,3
56,76,Female,premium,341.07,5,8.4,990.9,787.74,1
57,64,Female,premium,327.18,7,60.1,885.43,75.22,5
58,24,Female,unlimited,71.34,24,28.47,142.67,505.55,5
59,22,Male,basic,17.56,9,30.47,478.25,124.41,1
60,59,Genderfluid,premium,341.27,19,61.47,427.8,574.11,5
61,27,Female,premium,370.81,1,39.81,325.89,97.07,1
62,53,Male,premium,139.85,7,67.63,150.88,509.19,4
63,77,Bigender,basic,485.85,23,37.16,435.66,421.36,4
64,24,Male,unlimited,109.99,22,76.56,556.76,207.16,2
65,42,Male,basic,308.56,19,96.54,410.65,438.18,5
66,85,Female,unlimited,220.01,18,14.82,691.04,290.63,3
67,67,Female,unlimited,498.5,14,81.67,161.96,281.82,1
68,82,Female,basic,428.3,18,89.01,797.65,158.37,2
69,42,Male,premium,206.92,23,24.45,919.08,374.35,2
70,78,Female,premium,307.36,4,94.08,42.41,341.65,5
71,33,Male,unlimited,54.91,19,17.19,283.51,891.88,3
72,34,Female,premium,473.03,18,89.25,757.01,862.08,1
73,32,Male,premium,50.05,14,34.84,88.67,29.89,3
74,33,Female,unlimited,23.55,18,85.66,94.54,386.91,4
75,70,Male,unlimited,85.69,14,39.05,465.65,744.2,4
76,20,Male,unlimited,169.73,14,24.05,939.61,494.01,4
77,26,Male,basic,212.8,19,8.82,311.75,348.43,3
78,41,Female,basic,89.55,14,15.09,74.62,274.42,5
79,70,Male,basic,344.55,7,66.48,614.93,600.23,2
80,77,Male,basic,294.37,24,71.2,559.1,377.62,1
81,36,Male,basic,161.79,3,73.3,906.01,289.15,5
82,41,Female,basic,353.49,11,87.01,826.01,760.05,2
83,45,Female,basic,36.56,10,25.73,703.6,276.03,1
84,68,Female,basic,354.81,8,59.52,8.46,910.5,1
85,48,Female,premium,208.58,19,57.61,748.8,978.91,3
86,67,Female,premium,484.12,6,46.75,69.38,214.49,2
87,66,Male,premium,200.91,23,71.88,62.93,645.94,4
88,73,Female,premium,499.17,15,73.27,793.17,108.2,2
89,78,Male,unlimited,492.86,5,94.63,865.43,212.06,5
90,40,Male,unlimited,17.42,21,58.41,319.63,513.36,4
91,44,Male,premium,1.25,4,76.47,182.8,934.45,3
92,25,Female,premium,450.05,13,78.77,614.98,815.09,1
93,78,Female,basic,73.47,1,50.46,578.22,760.38,5
94,78,Male,unlimited,304.59,8,83.99,23.79,546.74,4
95,37,Male,basic,116.3,18,17.29,847.16,879.51,2
96,22,Male,unlimited,187.55,11,31.46,339.15,920.52,4
97,18,Male,premium,480.89,15,77.41,134.75,314.87,2
98,65,Male,unlimited,463.8,19,0.67,885.78,810.12,2
99,65,Agender,premium,76.88,8,80.51,314.84,779.81,5
100,25,Female,basic,191.59,8,42.34,198.3,493.14,5
101,54,Female,unlimited,461.21,22,57.95,60.65,368.05,2
102,71,Male,premium,437.19,21,89.72,958.9,981.93,2
103,52,Female,unlimited,474.45,1,68.53,345.05,544.53,3
104,35,Male,basic,172.27,14,97.32,155.88,179.53,2
105,51,Female,unlimited,222.34,15,63.28,194.79,848.42,2
106,56,Bigender,unlimited,26.05,3,99.76,343.49,362.63,2
107,33,Female,unlimited,278.93,1,34.57,998.31,879,3
108,19,Female,unlimited,358.52,17,24.41,374.04,766.37,2
109,72,Female,premium,414.34,16,60.5,661.71,491.89,3
110,75,Female,unlimited,139.14,2,20.68,40.58,395.84,3
111,38,Female,premium,394.24,2,96.94,181.26,862.14,1
112,58,Female,basic,364.53,3,90.06,586.72,999.96,3
113,71,Female,basic,278.97,10,32.8,159.22,210,5
114,19,Female,basic,266.67,18,86.03,316.47,306.71,3
115,24,Female,unlimited,414.87,5,93.51,442.98,909.71,3
116,73,Male,premium,279.95,1,99.55,645.77,108.46,2
117,29,Female,unlimited,433.29,1,90.88,417.96,568.15,4
118,73,Male,unlimited,279.57,2,52.48,600.11,458.73,5
119,64,Agender,premium,185.37,20,96.45,465.1,945.06,1
120,25,Agender,basic,368.89,11,79.68,856.34,976.06,4
121,49,Non-binary,unlimited,294.78,21,3.01,552.81,406.03,3
122,60,Female,basic,329.77,9,0.62,609.63,918.12,2
123,63,Female,premium,187.26,24,3.6,112.77,47.7,5
124,67,Male,unlimited,459.25,3,9.37,50.43,810.71,5
125,19,Female,premium,406.99,21,33.96,823.32,125.63,5
126,54,Female,basic,419.45,24,48.41,993.07,478.98,4
127,33,Genderqueer,basic,130.69,24,9.42,76.53,152.15,4
128,84,Male,unlimited,90.83,23,30.4,589.06,858.08,5
129,83,Female,basic,107.99,18,70.4,650.78,74.77,4
130,49,Male,premium,295.25,7,46.98,807.1,387.66,5
131,64,Male,premium,464.69,9,44.48,322.31,694.35,2
132,59,Male,unlimited,420.12,1,75.83,776.38,153.14,4
133,34,Female,basic,384.06,24,29.75,227.3,580.56,5
134,34,Female,unlimited,488.74,23,95.22,770.05,379.39,5
135,69,Female,basic,342.19,14,24.77,902.97,699.12,2
136,25,Non-binary,premium,350.5,18,19.75,308.84,463.71,3
137,22,Female,premium,248.36,23,39.47,864.34,840.35,2
138,66,Female,basic,439.38,6,40.45,710.97,326.3,1
139,20,Female,basic,225.7,5,49.7,237.78,862.83,2
140,62,Female,unlimited,154.4,4,27.97,574.86,186.79,3
141,22,Female,unlimited,66.55,11,13.29,621.8,35.29,3
142,41,Female,basic,45.14,8,68.37,601.48,506.25,3
143,20,Male,unlimited,274.01,18,33.33,859.35,337.74,4
144,28,Female,basic,489,13,39.98,609.93,1.68,5
145,68,Male,basic,374.75,17,98.56,182.83,118.76,1
146,62,Female,unlimited,321.14,3,96.14,336.01,755.51,1
147,60,Female,basic,32.68,24,66.41,909.87,212.28,1
148,43,Female,premium,32.37,2,71.34,723.62,934.62,3
149,36,Polygender,premium,249.57,5,40.84,331.4,52.13,3
150,38,Non-binary,premium,282.67,13,23.56,15.44,198.19,3
151,61,Male,premium,103.82,17,60.39,168.17,871,3
152,28,Female,basic,448.33,4,40.82,915,699.88,3
153,53,Male,unlimited,296.46,1,82.37,855.04,657.67,3
154,75,Female,basic,133.27,21,27.5,517.98,488.78,4
155,54,Genderqueer,basic,37.5,16,14.02,387.53,840.94,4
156,20,Female,premium,70.41,12,84.71,56.88,930.3,3
157,58,Female,unlimited,1.67,11,75.11,971.97,918.35,5
158,41,Bigender,basic,100.44,18,42.83,287.14,687.21,2
159,72,Male,unlimited,368.78,13,12.16,65.6,653.4,3
160,54,Male,unlimited,341.58,8,87.61,395.53,190.8,2
161,32,Male,premium,401.42,17,48.78,127.18,710.71,5
162,20,Agender,premium,219.01,11,25.69,532.62,752.05,3
163,78,Male,unlimited,16.44,8,9.57,719.72,287.25,1
164,42,Female,unlimited,255.26,8,54.53,553.77,755.34,4
165,57,Female,premium,22.21,15,21.97,447.09,806.16,2
166,31,Male,premium,394.58,6,99.27,363.17,695.41,5
167,32,Female,premium,153.91,9,80.11,694.34,485.23,5
168,19,Female,unlimited,231.23,10,39.69,916.83,726.33,4
169,22,Female,premium,155.73,14,43.01,44.12,70.82,1
170,63,Female,basic,70.66,23,20.16,783.67,999.77,4
171,23,Female,basic,424.67,21,9.4,567.46,107.88,5
172,60,Female,unlimited,451.28,23,74.35,872.95,306.59,2
173,68,Male,unlimited,261.97,21,69.63,569.82,226.3,3
174,65,Female,premium,0.88,23,95.5,266.31,403.63,5
175,32,Female,basic,93.08,21,61.59,91.31,614.63,3
176,37,Female,premium,474.23,19,33.96,976.1,839.92,4
177,57,Male,premium,332.89,6,67.71,334.75,107.17,2
178,26,Agender,unlimited,281.63,3,5.18,355.06,263.69,4
179,48,Female,basic,281.53,20,50.76,444.84,217.75,5
180,73,Female,basic,177.05,3,37.94,384.17,270.23,4
181,39,Agender,basic,67.86,1,41.44,565.04,156.51,4
182,70,Male,basic,454.61,8,18.19,261.59,678.44,2
183,31,Male,basic,484.27,23,36.3,624.89,324.22,5
184,63,Male,basic,392.74,8,85.14,680.13,275.7,5
185,23,Male,unlimited,272.74,24,4.99,7.94,80.6,2
186,76,Male,basic,63.2,2,19.74,508.95,259.27,4
187,40,Male,unlimited,108.76,7,74.43,94.76,509.92,5
188,65,Female,unlimited,441.54,17,43.56,383.73,375.66,4
189,36,Male,basic,171.11,14,90.61,932.82,279.15,3
190,44,Male,unlimited,183.5,2,9.05,107.35,922.29,3
191,69,Female,premium,375.22,5,9.9,979.27,219.86,5
192,54,Male,basic,130.97,1,26.49,162.67,236.7,1
193,77,Female,unlimited,199.5,20,92.44,511.34,615.88,2
194,63,Male,premium,491.01,4,21.64,363.51,520.17,3
195,33,Male,premium,483.98,9,92.61,510.89,345.36,4
196,75,Female,premium,219.37,9,96.66,540.5,985.71,3
197,49,Female,unlimited,401.93,23,31.36,783.09,273.14,4
198,81,Polygender,unlimited,280.67,18,2.67,420.51,61.03,3
199,38,Female,unlimited,6.5,23,75.95,575.56,481.95,1
200,77,Male,basic,189.88,8,37.79,99.23,781.42,1
201,22,Female,basic,56.84,7,95.69,979.14,231.74,3
202,66,Male,basic,302.77,16,4.97,839.67,526.89,4
203,78,Female,unlimited,112.65,24,82.3,239.21,861.45,1
204,74,Male,unlimited,137.89,3,25.16,203.27,392.04,5
205,45,Female,unlimited,494.82,16,72.59,352.43,987.01,3
206,18,Male,premium,116.03,7,34.59,956.33,799.04,5
207,39,Male,premium,157.54,18,97.78,959.62,509.38,4
208,76,Female,premium,205.48,1,61.16,615.65,237.75,4
209,31,Male,basic,377.04,13,52.5,386.56,219.73,4
210,60,Female,premium,324.31,5,8.12,101.03,931.81,3
211,47,Female,unlimited,120.29,24,64.28,235.2,105.91,4
212,78,Male,basic,21.34,14,34.47,609.57,344.02,4
213,70,Male,premium,190.9,22,17.16,27.3,707.89,2
214,65,Female,premium,192.92,19,16.44,142.09,576.8,1
215,31,Female,unlimited,378.55,22,8.51,270.94,754.65,2
216,56,Male,unlimited,27.5,15,60.19,798.42,818.92,5
217,38,Male,unlimited,417.89,1,63.83,640.17,223.88,2
218,58,Female,unlimited,393.19,1,76.74,334.66,188.8,3
219,56,Male,premium,285.36,20,53.03,340.82,377.06,2
220,34,Male,unlimited,436.3,5,2.66,865.1,317.91,4
221,51,Male,premium,462.71,9,79.42,95.91,771.31,3
222,82,Male,basic,400.41,8,85.23,276.12,308,2
223,47,Female,basic,366.88,19,64.44,198.77,725.95,3
224,25,Female,basic,474.42,19,97.06,935.43,688.5,3
225,45,Female,basic,281.11,19,95.52,701,731.85,5
226,46,Male,unlimited,262.31,8,22.41,419.56,793.49,2
227,71,Female,premium,303.52,19,88.9,331.93,476.89,3
228,66,Female,unlimited,70.54,21,34.31,52.58,729.19,5
229,32,Male,unlimited,143.74,11,80.04,240.87,772.81,1
230,56,Male,basic,360.56,6,36.54,927.04,837.3,4
231,43,Male,premium,82.99,21,7.45,627.17,883,2
232,42,Male,premium,361.76,15,36.37,110.1,809.14,2
233,29,Female,basic,45.08,15,92.14,926.34,114.78,3
234,47,Female,unlimited,314.26,22,33.35,524.45,221.18,1
235,23,Genderqueer,basic,40.18,3,34.51,779.46,798.38,3
236,40,Female,unlimited,311.23,24,33.55,44.2,182.8,5
237,80,Female,basic,28.45,6,10.04,28.31,169.51,5
238,70,Female,unlimited,286.6,7,98.59,191.79,794.64,3
239,39,Female,unlimited,242.12,11,3.51,530.73,716.07,1
240,41,Female,unlimited,491.51,24,12.28,614.85,50.08,5
241,46,Female,unlimited,334,11,30.96,760.66,612.83,5
242,70,Male,basic,199.17,22,4.48,370.95,132.46,1
243,74,Female,unlimited,450.63,14,30.84,675.19,876.82,4
244,26,Male,premium,113.44,13,5.75,398.48,40.73,1
245,37,Male,unlimited,378.48,3,84.33,145.56,339.13,5
246,51,Non-binary,unlimited,233.87,16,7.51,357.96,119.03,3
247,56,Female,unlimited,444.16,21,57.5,434.86,900.01,1
248,45,Male,unlimited,95.6,4,63.45,814.57,298.07,4
249,58,Male,basic,320.63,24,16.88,933,625.29,4
250,36,Male,premium,471.07,17,40.88,489.13,104.93,2
251,85,Female,unlimited,183.22,24,48.7,573.06,331.09,3
252,39,Female,unlimited,332.55,3,64.96,123.78,909.39,2
253,62,Female,premium,483.35,8,57.9,528.6,776.07,1
254,32,Male,unlimited,264.1,21,0.61,261.79,578.75,4
255,60,Female,unlimited,210.74,21,85.83,181.11,864.94,4
256,67,Agender,basic,479.91,18,96.51,952.08,88.85,1
257,80,Agender,unlimited,205.08,24,46.5,362.81,143.55,1
258,58,Male,premium,232.11,7,28.91,973.22,433.91,4
259,71,Agender,unlimited,465.39,16,20.57,140.85,462.44,4
260,76,Female,premium,138.31,11,69.47,932.61,175.14,2
261,25,Genderfluid,premium,156.74,23,38.69,186.27,273.63,5
262,26,Male,basic,415.33,23,99.74,537.37,693.14,5
263,58,Male,unlimited,484.44,13,12.15,709.64,560.4,2
264,46,Female,unlimited,5.87,10,37.99,855.57,96.07,4
265,37,Non-binary,unlimited,177.56,1,19.99,456.42,811.31,5
266,40,Female,unlimited,185.5,5,52.67,534.18,468.6,3
267,71,Female,unlimited,85.61,16,38.72,475.76,452.58,3
268,59,Male,unlimited,328.4,18,42.23,548.07,242.15,4
269,19,Genderqueer,unlimited,208.57,24,99.37,443.36,839.02,1
270,55,Female,basic,44.34,11,21.7,790.92,334.37,5
271,76,Female,basic,374.04,12,64.16,161.46,760.79,2
272,80,Female,unlimited,268.7,7,87.05,70.35,535.5,5
273,36,Male,basic,177.25,20,27.35,555.99,246.71,2
274,45,Female,premium,39.24,10,33.58,603.59,113.98,5
275,27,Female,premium,453.24,22,63.08,583.59,140.42,5
276,46,Female,unlimited,417.59,13,20.33,177.1,762.05,2
277,61,Female,basic,301.21,10,61.21,790.53,190.45,5
278,68,Female,unlimited,164.18,5,88.35,706.62,889.23,3
279,75,Female,basic,413.2,16,48.29,193.88,779.13,3
280,85,Male,premium,369.04,17,74.12,541.91,807.54,1
281,60,Female,premium,317.5,12,84.44,64.28,923.74,3
282,72,Female,basic,227.06,14,51.33,961.74,254.93,4
283,42,Female,premium,307.55,11,95.41,947.22,946.83,1
284,20,Male,premium,473.76,22,21.13,717.66,698.39,4
285,39,Bigender,basic,432.23,24,73.95,452.8,693.15,5
286,61,Female,premium,422.18,12,8.11,562.76,211.99,1
287,74,Genderfluid,premium,469.63,16,65.23,866.51,128.46,2
288,75,Male,premium,138.81,20,41.62,138.89,187.74,4
289,49,Female,premium,476.33,8,57.09,943.14,946.01,4
290,82,Male,basic,244.89,12,41.48,638.59,259.33,1
291,80,Female,premium,214.29,17,37.01,864.5,672.68,4
292,70,Male,premium,204.27,13,1.6,778.62,982.78,5
293,48,Female,basic,27.78,2,99.45,624.72,56.24,2
294,75,Male,unlimited,38.12,16,67.61,757.12,179.84,3
295,75,Male,premium,213.15,24,70.92,514.13,553.61,2
296,52,Female,unlimited,42.5,21,17.58,461.99,179.33,3
297,71,Female,basic,136.99,12,70.85,928.11,217.2,4
298,35,Male,unlimited,364.53,6,19.85,766.22,536.68,1
299,46,Female,premium,434.8,7,85.51,267.99,411.15,2
300,18,Male,unlimited,171.37,17,44.11,541.88,336.18,2
301,33,Male,unlimited,390.51,4,65.53,260.88,361.43,1
302,77,Male,basic,200.54,1,65.72,123.78,342.16,1
303,84,Male,premium,93.95,12,21.55,773.38,804.15,5
304,81,Female,premium,341.03,14,79.23,302.24,304.7,4
305,19,Female,basic,71.94,24,20.99,729.78,932.47,4
306,39,Female,premium,186.24,7,33.84,505.69,448.87,5
307,33,Male,unlimited,165.73,5,92.2,208.2,721.12,3
308,22,Male,unlimited,158.78,12,57.33,809.31,9.84,2
309,32,Female,unlimited,324.62,15,58.15,522.79,128.86,2
310,52,Female,unlimited,201.48,13,95.33,216.23,185.24,1
311,72,Female,premium,208.42,16,11.57,606.25,520.52,1
312,50,Female,unlimited,59.08,14,79.54,583.84,676.51,2
313,70,Female,basic,139.7,24,21.12,652.84,107.44,3
314,50,Female,unlimited,122.01,7,77.38,345.32,386.46,2
315,61,Female,unlimited,5.35,21,33.15,155.46,294.69,2
316,40,Genderqueer,premium,192.03,18,8.81,45.81,778.53,1
317,46,Female,basic,310,3,11.32,926.47,323.36,4
318,54,Male,unlimited,464.52,13,51.37,526.76,733.38,2
319,34,Male,premium,61.46,16,78.52,99.55,348.48,2
320,75,Male,basic,225.66,22,8.73,956.25,836.12,5
321,61,Male,premium,72.74,16,62.15,766.24,394.04,2
322,44,Female,premium,46.35,14,16.2,826.57,9.28,3
323,70,Female,premium,90.7,18,54.03,999.99,597.34,4
324,59,Female,basic,287.42,21,86.65,24.04,802.16,5
325,66,Male,basic,339.65,6,80.57,315.35,918.6,1
326,34,Male,basic,94.65,8,94.05,44.35,233.29,3
327,62,Bigender,premium,165.16,22,47.61,56.61,943.82,3
328,27,Female,basic,359.46,1,2.69,217.08,179.44,2
329,26,Female,basic,443.3,18,16.12,841.84,238.98,3
330,34,Female,basic,184,6,66.3,186.28,304.45,2
331,83,Male,unlimited,484.77,15,97.62,110.37,315.11,4
332,23,Female,basic,291.69,12,67.19,847.7,881,2
333,56,Male,basic,14.46,4,15.62,607.32,59.55,5
334,26,Male,unlimited,351.65,14,20.01,962.24,480.48,4
335,18,Male,unlimited,362.35,2,60.77,914.55,673.34,3
336,78,Female,unlimited,484.98,22,96.52,22.43,475.18,4
337,84,Male,premium,25.67,16,2.21,544.44,874.3,1
338,76,Female,basic,189.51,19,36.85,125.69,908.31,1
339,77,Male,basic,4.99,23,81.33,605.37,609.76,4
340,20,Genderfluid,unlimited,321.02,17,80.12,542.39,529.79,1
341,83,Female,basic,208.13,4,15.83,338.15,336.09,1
342,46,Female,basic,295.19,18,49.01,775.14,398.45,2
343,27,Male,premium,450.03,12,27.75,836.23,491,4
344,83,Male,basic,402.49,15,68.01,60.69,613.23,2
345,38,Male,premium,235.71,8,1.33,904.37,386.3,4
346,26,Female,premium,114.15,9,55.62,307.47,4.84,1
347,42,Male,basic,207.17,10,34.5,455.15,61.03,4
348,58,Male,premium,21.84,21,43.81,26.62,229,4
349,23,Female,basic,414.1,1,70.63,441.55,27.7,3
350,42,Genderqueer,unlimited,392.95,19,20.79,476.98,157.96,3
351,26,Male,premium,338.76,8,9.28,455.55,901.53,5
352,47,Male,premium,360.77,3,5.09,680.64,774.63,2
353,18,Female,unlimited,157.41,8,72.45,88.23,747.41,3
354,34,Male,basic,477.51,15,33.12,146.79,193.58,5
355,75,Female,unlimited,83.17,12,24.25,537.68,308.47,1
356,27,Female,unlimited,480.29,23,39.14,196.36,520.36,5
357,75,Male,basic,414.09,12,53.94,275.17,490.21,3
358,24,Male,unlimited,350.9,2,10.8,258.55,413.64,2
359,84,Agender,basic,171.87,15,53.19,871.39,154.35,3
360,64,Genderfluid,basic,124.65,1,62.49,966.87,205.41,1
361,46,Female,unlimited,43.33,7,65.8,935.31,818.71,2
362,30,Female,premium,330.47,24,47.87,745.87,158.95,3
363,27,Male,unlimited,312.28,5,0.13,626.87,746.38,5
364,32,Female,premium,394.4,7,85.04,809.99,70.64,5
365,45,Male,unlimited,208.31,7,51.93,180.53,417.86,1
366,61,Male,premium,281.02,4,36.86,596.88,23.49,5
367,40,Male,premium,37.67,9,55.49,610.63,607.13,1
368,72,Female,premium,294.25,6,62.93,492.03,458.62,5
369,26,Male,unlimited,285.38,22,58.46,962.96,506.33,2
370,83,Male,basic,39.16,3,0.76,521.63,819.49,5
371,67,Female,basic,107.07,12,49.69,332.06,78.02,1
372,71,Male,basic,294.34,3,12.68,758.75,511.93,2
373,37,Polygender,unlimited,230.25,3,44.65,340.42,918.56,4
374,21,Male,unlimited,442.2,13,93.46,953.42,370.09,3
375,46,Female,premium,4.13,11,26.82,416.33,498.6,3
376,84,Genderfluid,basic,200.83,8,16.24,906.52,586.08,5
377,32,Male,unlimited,224.55,4,30.17,159.91,737.83,2
378,72,Male,premium,35.17,11,78.05,669.55,404.61,5
379,23,Genderqueer,premium,40.92,16,22.85,766.07,950.2,3
380,43,Non-binary,basic,306.75,9,7.84,728.75,963.7,2
381,58,Female,premium,372.25,1,98.28,985.11,71.93,3
382,35,Male,premium,109.26,16,2.77,242.12,527.43,2
383,73,Male,unlimited,371.53,24,26.91,720.69,606.45,1
384,49,Male,premium,347.81,2,3.73,888.69,76.18,5
385,55,Female,basic,339.75,18,32.37,90.22,857.65,2
386,47,Male,basic,48.4,17,84.59,538.4,586.16,4
387,45,Male,premium,33.14,3,54.65,114.09,852.09,1
388,62,Female,premium,254.25,6,94.78,533.89,341.65,4
389,71,Male,premium,454.36,24,52.73,771.23,913.97,4
390,54,Female,premium,464.01,23,93.26,357.79,524.35,1
391,66,Female,unlimited,340.18,11,58.95,203.84,422.85,3
392,76,Female,basic,117.81,22,62.48,590.9,195.33,2
393,28,Female,premium,43.57,13,22.51,480.38,122.25,4
394,20,Female,premium,266.58,5,8.71,138.59,679.74,2
395,66,Female,unlimited,264.44,4,56.81,902.57,474.41,5
396,22,Male,basic,334.57,23,80.68,339.05,179.81,3
397,61,Female,premium,302.07,17,43.89,455.15,872.81,3
398,74,Female,basic,58.15,13,18.06,859.65,102.93,5
399,21,Female,unlimited,236.72,14,81.01,763.97,966.21,2
400,42,Male,basic,98.46,1,53.78,583.7,398.81,3
401,71,Female,basic,313.65,23,44.89,950.9,604.91,2
402,70,Male,premium,272.85,17,93.02,521.87,610.5,5
403,57,Male,unlimited,193.85,20,85.02,505.99,576.71,1
404,55,Female,premium,215.07,24,5.87,404.69,622.6,2
405,64,Female,unlimited,306.67,12,94.39,296.63,49.39,2
406,28,Male,unlimited,243.79,2,73.67,96.49,111.55,4
407,56,Female,basic,38.43,23,60.21,644.16,173.47,3
408,26,Female,basic,39.58,2,12.26,352.53,43.15,3
409,84,Female,unlimited,137.91,7,89.49,402.92,182.82,2
410,20,Female,premium,351.25,13,34.55,4.21,492.24,5
411,25,Genderqueer,unlimited,183.9,4,39.25,734.88,260.25,4
412,26,Female,basic,92.68,13,22.75,858.34,915.01,4
413,79,Male,unlimited,70.54,1,8.52,568.93,683.55,5
414,77,Female,unlimited,91.84,22,35.95,290.96,257.12,1
415,31,Female,basic,167.4,13,10.85,725.77,249.09,1
416,62,Female,unlimited,83.24,23,56.1,607.17,572.92,2
417,32,Female,unlimited,444.58,16,70.22,605.22,354.8,4
418,66,Female,basic,109.36,20,34.17,502.39,352.9,1
419,24,Male,unlimited,226.45,3,33.05,207.03,582.51,3
420,37,Female,premium,220.42,4,42.76,209.5,436.3,4
421,69,Male,premium,116.19,17,32.52,447.34,202.71,2
422,81,Female,unlimited,281.26,17,51.25,344.03,128.08,3
423,81,Male,unlimited,453.05,23,38.08,130.24,665.87,4
424,24,Male,premium,9.86,17,84.84,606.1,3.59,5
425,61,Male,unlimited,14.36,2,63.45,485.49,998.65,4
426,45,Female,unlimited,491.1,13,82.61,34.83,444.76,1
427,54,Female,basic,64.3,1,48.11,171.21,270.7,5
428,59,Male,premium,307.33,9,26.35,910.48,92.3,4
429,51,Male,basic,417.59,11,80.03,643.31,20.87,1
430,55,Bigender,premium,171.69,12,56.5,655.65,121.77,2
431,63,Female,premium,84.37,12,99.67,770.91,47.94,1
432,53,Female,premium,381.23,5,19.15,333.49,726.77,3
433,58,Female,premium,440.26,22,49.67,953.03,439.24,1
434,20,Female,unlimited,119.68,20,65.79,325.38,219.12,4
435,67,Genderfluid,unlimited,78.3,7,93.03,438.05,974.45,2
436,38,Male,unlimited,139.19,6,54.98,42.53,618.57,3
437,34,Male,unlimited,269.68,24,2.19,215.36,998.07,2
438,29,Male,unlimited,154.81,18,68.87,460.55,939.3,5
439,35,Male,premium,238.17,4,67.86,313.91,472.43,2
440,55,Female,basic,342.77,15,91.34,608.35,601.41,1
441,65,Female,premium,79.68,8,43.52,959.02,405.43,1
442,70,Female,unlimited,302.51,8,13.42,161.52,346.63,2
443,28,Male,premium,486.1,18,93.48,465.69,359.23,1
444,28,Female,basic,197.4,16,76.93,939.79,663.12,2
445,70,Male,unlimited,140.89,23,64.22,368.3,977.31,5
446,31,Female,unlimited,356.15,15,23.45,645.91,846.37,4
447,49,Female,premium,425.95,22,44.4,993.87,537,3
448,78,Female,premium,378.12,12,82.69,864.23,504.32,5
449,21,Female,premium,335.39,21,28.33,49.98,57.19,4
450,21,Non-binary,unlimited,116.41,21,98.86,747.64,527.37,4
451,36,Female,basic,44.2,12,65.52,354.91,884.53,3
452,19,Male,basic,477.09,12,29.17,588.14,851.73,5
453,27,Female,unlimited,193.94,7,25.56,741.59,291.64,4
454,81,Female,premium,313.25,12,65.52,177.81,451.83,4
455,50,Female,premium,34.79,12,3.81,152.37,629.53,4
456,28,Male,basic,24.37,19,87.18,812.39,550.48,1
457,52,Male,basic,189.65,22,44.46,700.48,902.31,4
458,52,Male,unlimited,496.47,17,17.39,19.71,326.85,3
459,65,Male,basic,368.84,8,7.1,338.45,538.18,2
460,45,Male,premium,231.78,18,97.29,234.48,865.26,2
461,48,Female,unlimited,291.8,9,99.21,381.53,9.74,4
462,29,Male,unlimited,1.04,24,94.67,190.47,373.34,4
463,81,Male,unlimited,193.52,18,22.88,19.95,727.59,3
464,81,Female,basic,101.42,6,83.35,856.66,684.48,5
465,37,Female,premium,164.28,13,87.39,133.49,14.31,4
466,71,Male,premium,243.01,19,10.54,739.54,856.93,5
467,78,Male,premium,417.4,22,21.6,988.93,444.61,3
468,45,Male,unlimited,238.79,18,89.26,618.94,230.06,2
469,60,Polygender,basic,13.2,11,13.65,370.09,573.17,1
470,50,Female,premium,404.69,14,14.4,808.75,281.21,4
471,21,Female,premium,36.77,23,46.58,107.63,371.34,4
472,31,Male,unlimited,315.37,14,80.65,864.57,275.3,1
473,50,Female,unlimited,278.02,20,26.4,495.83,225.45,4
474,70,Female,premium,297.62,5,99.77,792.26,613.75,5
475,34,Male,basic,31.31,1,56.91,215.94,131.81,2
476,67,Female,basic,126.14,16,75.56,516.34,933.39,3
477,21,Female,premium,15.49,20,15.74,977.11,299.19,2
478,74,Genderfluid,premium,338.12,17,64.21,944.51,254.87,4
479,18,Male,premium,378.92,3,42.35,110.39,750.32,5
480,71,Male,unlimited,489.78,16,16.84,214.33,808.29,5
481,42,Female,basic,235.67,5,16,806.29,910.63,4
482,68,Female,basic,464.02,18,59.99,40.66,668.4,5
483,63,Female,unlimited,25.04,8,72.86,929.89,644.96,5
484,34,Female,basic,138.53,10,58.02,131.69,66.76,1
485,45,Male,premium,252.92,20,0.43,542.71,775.21,2
486,50,Male,premium,342.98,13,94.04,944.14,539,5
487,72,Female,basic,99.67,7,36.22,493.17,938.83,3
488,56,Male,basic,323.4,7,22.49,605.84,914.5,1
489,23,Female,premium,474.63,12,9.77,716.5,964.87,5
490,55,Agender,basic,166.42,3,54.66,520,173.41,1
491,39,Female,unlimited,425.85,3,60.6,608.35,552.68,4
492,46,Male,premium,452.51,13,47.67,38.67,48.18,5
493,59,Male,premium,99.52,5,52.07,890.93,572.45,3
494,19,Female,premium,136.65,11,63.86,89.66,511.18,2
495,71,Male,premium,21.31,21,84.33,126.41,162.96,3
496,77,Polygender,basic,421.11,9,10.02,277.48,492.77,3
497,65,Male,premium,372.55,20,67.66,786.71,370.43,3
498,82,Male,premium,35.23,16,22.6,604.03,698.52,5
499,24,Female,basic,484.58,11,13.17,825.7,909.47,2
500,32,Male,unlimited,169.78,10,13.42,450.69,624.78,4
501,18,Male,unlimited,193.25,4,15.96,291.69,280.13,4
502,32,Female,premium,370.01,7,2.94,476.72,950.71,4
503,75,Male,basic,7.38,15,86.42,137,232.86,4
504,27,Female,basic,132.34,9,50.85,124.31,491.34,1
505,50,Female,basic,202.97,15,14.8,50.64,552.9,4
506,21,Female,premium,428.86,4,17.01,318.27,494.1,2
507,53,Female,basic,215.73,16,2.94,94.39,647.94,5
508,39,Female,unlimited,187.73,3,42.97,730.12,472.59,4
509,43,Male,premium,472.62,20,51.72,279.73,659.48,4
510,45,Male,premium,67.78,23,27.19,35.64,671.5,3
511,63,Male,basic,136.03,9,83.63,484.55,371.95,5
512,42,Female,basic,404.69,3,96.59,724.9,185.24,5
513,84,Male,basic,319.6,1,57.38,599.24,740.08,3
514,78,Male,premium,447.64,15,36.55,624.87,978.97,5
515,60,Female,unlimited,452.89,18,82.37,548.04,123.86,1
516,58,Male,unlimited,452.46,18,52.96,676.74,70.25,5
517,59,Male,basic,52.6,15,22.5,245.48,992.98,4
518,37,Female,unlimited,124.09,16,16.21,351.59,270.5,2
519,82,Female,unlimited,185.04,4,16.52,92.15,299.64,1
520,23,Male,premium,2.75,4,40,823.93,767.85,5
521,65,Male,premium,334.57,3,14.68,863.91,993.25,2
522,22,Female,basic,152.43,20,59.07,345.26,818.59,5
523,56,Male,premium,41.68,16,10.05,865.38,1.68,2
524,65,Female,premium,192.79,4,42.32,385.72,170.64,1
525,56,Female,premium,248.65,10,99.91,316.98,689.55,3
526,59,Female,basic,431.85,5,42.66,171.75,584.45,3
527,31,Female,premium,317.99,20,13.04,828.39,409.96,1
528,21,Female,basic,270.04,22,79.33,827.35,425.78,4
529,66,Female,basic,349.98,21,73.54,597.99,585.93,5
530,51,Agender,unlimited,59.8,23,17.5,938.95,276.83,2
531,21,Male,premium,340.68,6,51.09,77.26,448.93,1
532,46,Male,basic,62.71,23,67.94,622.13,481.66,2
533,68,Female,unlimited,426.97,22,90.03,273.68,171.48,3
534,27,Female,premium,384.63,18,91.59,300.65,154.49,5
535,40,Polygender,basic,379.93,3,57.91,576.09,997.97,2
536,30,Female,premium,391.95,13,38.88,134.17,226.98,2
537,38,Female,unlimited,234.95,13,71.72,578.56,302.78,4
538,48,Male,basic,176.85,3,99.97,190.78,153.15,4
539,51,Male,premium,89.04,6,95.54,113.44,714.09,1
540,25,Male,premium,240.94,9,13.49,199.28,606.1,2
541,47,Agender,premium,356.63,20,24.91,983.24,664.73,4
542,24,Male,premium,289.25,7,15.64,693.94,20.24,1
543,31,Female,premium,446.98,23,15.57,838.86,405.24,1
544,25,Male,premium,191.67,2,63.66,26.6,881.61,1
545,41,Male,unlimited,487.07,19,82.46,359.41,744.34,1
546,58,Male,basic,62.6,15,7.97,410.45,112.26,1
547,68,Male,premium,142.32,16,87.68,804.62,456.83,1
548,73,Female,premium,290.85,21,50.98,775.49,66.3,3
549,77,Male,premium,432.94,19,11.91,504.1,891.34,1
550,58,Female,premium,27.9,3,30.87,477.55,885.24,5
551,23,Female,premium,126.74,13,84.84,934.7,523.24,3
552,63,Female,unlimited,88.58,8,77.57,410.92,766.3,2
553,19,Female,premium,327.39,18,63.46,800.09,127,1
554,32,Male,premium,215.56,22,89.84,832.02,940.11,5
555,69,Female,premium,18.01,6,77.33,633.28,688.92,3
556,61,Female,basic,118.42,7,51.01,874.25,304.76,5
557,64,Female,unlimited,16.73,2,84.33,3.1,700.07,3
558,51,Female,premium,102.08,19,78.55,90.02,771.64,2
559,71,Female,unlimited,429.74,8,78.47,421.45,501.55,4
560,54,Male,unlimited,220.28,17,81.44,930.21,664.15,4
561,58,Male,premium,205.42,6,88.92,913.56,19.04,2
562,77,Genderfluid,unlimited,30.18,21,28.78,423.23,514.62,5
563,59,Polygender,unlimited,82.27,16,49.94,659.55,387.92,1
564,26,Female,unlimited,115.72,13,49.24,170.79,495.45,4
565,51,Male,unlimited,410.25,15,91.21,664.78,832.23,2
566,28,Female,premium,186.22,8,4.06,677.26,667.53,3
567,25,Male,premium,427.45,20,39.6,136.78,501.22,4
568,18,Female,unlimited,131.13,14,16.27,208.84,547.68,4
569,53,Female,unlimited,152.09,5,85.53,277.31,929.82,5
570,26,Male,basic,426.58,1,36.01,288.99,889.19,3
571,47,Male,premium,388.7,8,38.77,869.45,339.95,4
572,79,Polygender,unlimited,312.58,4,16.45,257.81,928.5,4
573,63,Female,premium,39.5,16,51.26,116.03,515.15,4
574,51,Polygender,basic,373.86,12,43.97,817.37,726.41,1
575,69,Female,unlimited,74.31,17,7.13,957.56,583.67,2
576,47,Female,premium,10.45,12,24.47,121.21,967.11,4
577,47,Male,unlimited,242.24,1,94.21,892.33,448.96,3
578,41,Male,unlimited,456.91,7,84.17,517.88,210.97,5
579,57,Female,unlimited,55.42,11,77.57,375.29,645.46,5
580,52,Female,unlimited,170.83,17,34.58,126.16,684.24,2
581,69,Female,premium,392.33,16,55.36,515.31,517.01,5
582,66,Male,unlimited,410.59,8,40.09,566.14,369.39,1
583,18,Male,premium,331.3,13,91.93,481.55,774.1,1
584,59,Male,unlimited,362.38,1,11.42,654.64,827.8,3
585,80,Female,unlimited,280.04,1,2.82,11.44,853.31,5
586,68,Male,premium,279.13,14,73.51,207.78,541.62,5
587,75,Male,basic,125.46,23,7.68,36.17,966.78,1
588,46,Female,unlimited,253.22,2,33.99,572.18,928.19,3
589,56,Male,unlimited,431.93,4,34.62,841.95,578.54,5
590,24,Male,unlimited,418.79,3,72.73,765.99,383.8,2
591,46,Male,basic,261.34,24,5.3,764.36,64.65,5
592,71,Female,premium,371.87,13,37.85,468.56,558.25,3
593,65,Female,premium,281.52,2,17.23,355.56,2.29,4
594,58,Female,unlimited,434.82,22,63.85,151.2,220.75,2
595,38,Female,unlimited,295.48,20,21.08,574.38,480.81,4
596,53,Male,unlimited,172.22,5,53.47,96.3,318.79,2
597,38,Female,premium,211.19,10,51.48,953.24,346.33,1
598,27,Male,basic,116.33,16,76.09,348.13,939.57,2
599,28,Male,unlimited,178.4,12,79.03,840.78,348.57,2
600,18,Male,basic,189.84,17,64.76,144.09,901.19,2
601,64,Male,premium,229.24,5,22.25,861.58,972.12,3
602,29,Female,premium,321.98,15,24.84,787.32,52.91,4
603,58,Male,unlimited,186.94,8,46.67,740.28,219.53,1
604,54,Male,unlimited,281.64,3,25.32,302.87,781.38,3
605,69,Female,unlimited,382.71,20,34.52,806.69,860.29,4
606,20,Female,basic,38.46,24,7.79,384.34,760.63,1
607,71,Polygender,unlimited,244.18,6,81.42,346.71,54.6,3
608,57,Male,unlimited,182.44,9,30.59,666.21,343.96,4
609,82,Male,premium,446.68,20,0.19,73.79,754.75,4
610,29,Male,premium,367.56,14,64.25,262.52,89.64,4
611,32,Polygender,basic,299.47,11,76.49,785.69,457.87,4
612,77,Male,unlimited,137.33,3,67.97,694.18,953.41,4
613,19,Female,unlimited,295.58,1,21.25,17.81,948.9,3
614,84,Female,basic,166.47,10,75.49,784.48,269.15,1
615,77,Genderfluid,unlimited,90.42,16,78.55,912.25,494.24,3
616,36,Female,unlimited,27.23,6,21.54,788.63,192.71,3
617,34,Female,unlimited,492.75,17,84.04,342.08,981.97,4
618,81,Male,premium,12.57,7,54.95,858.51,420.62,4
619,28,Female,premium,327.25,13,68.21,949.88,859.89,1
620,59,Female,premium,381.5,11,42.74,789.73,526.12,2
621,29,Male,unlimited,228.12,24,64.64,48.09,691.26,3
622,60,Male,unlimited,378.54,10,90.68,854.28,257.68,3
623,72,Bigender,unlimited,91.63,15,15.05,600.95,238.25,3
624,27,Female,basic,195.57,4,63.68,132.2,931.47,1
625,52,Female,unlimited,152.73,21,57.67,120.02,969.49,1
626,82,Male,unlimited,109.61,9,7.12,430.25,49.87,1
627,25,Male,basic,161.86,19,6.44,433.39,527.66,5
628,34,Male,unlimited,466.09,18,86.06,201.02,101.94,5
629,43,Male,basic,163.07,11,88.19,595.67,222.8,3
630,45,Male,basic,348.99,22,31.58,478.59,94.38,5
631,36,Male,premium,402.11,17,9.88,176.73,737.28,4
632,77,Male,basic,396.61,24,87.25,434.46,588,2
633,46,Male,unlimited,275.85,24,39.53,647.92,477.74,2
634,84,Male,unlimited,380.32,16,54.89,210,206.91,2
635,28,Bigender,premium,71.06,6,15.89,66.59,485.81,5
636,53,Female,unlimited,424.69,24,29.38,576.92,461.53,2
637,75,Bigender,premium,342.86,3,66.82,323.4,953.15,5
638,77,Female,basic,373.1,9,56.99,22.9,152.08,4
639,49,Female,unlimited,367.39,5,80.1,5.99,920.2,2
640,27,Female,basic,174.35,5,67.75,652.81,802.46,5
641,43,Male,basic,181.94,12,5.43,876.75,554.02,1
642,62,Non-binary,basic,26.29,18,25.16,908.76,213.2,4
643,23,Female,unlimited,237.29,23,26.06,560.29,135.69,2
644,36,Male,premium,363.49,18,67.65,962.83,559.85,4
645,62,Genderfluid,premium,252.55,6,85,300.61,835.81,4
646,66,Male,unlimited,13.2,1,48.89,300.42,265.52,4
647,26,Female,unlimited,471.71,11,33.12,599.69,612.92,2
648,58,Male,basic,463.44,21,38.33,900.7,39.98,4
649,31,Female,unlimited,430.96,15,81.3,65.73,546.28,4
650,49,Male,unlimited,287.38,16,85.54,335.06,757.05,3
651,73,Male,unlimited,92.53,9,28.63,212.27,51.3,2
652,79,Genderfluid,unlimited,157.54,8,22,654.62,881.66,5
653,36,Female,basic,469.32,3,83.51,631.24,247.13,5
654,51,Male,premium,48.85,7,63.15,631.55,929.23,2
655,40,Male,unlimited,20.25,20,73.01,815.46,797.74,1
656,79,Bigender,basic,54.18,2,52.32,89.97,408.13,2
657,70,Female,unlimited,19.63,9,2.22,160.07,832.15,5
658,36,Female,basic,475.94,19,77.68,839.13,138.01,3
659,71,Male,unlimited,44.46,7,75.18,187.48,729.83,1
660,19,Genderqueer,basic,250.69,13,22.3,115.45,355.83,2
661,44,Female,premium,436.11,3,20.95,726.09,31.86,2
662,84,Female,basic,62.72,24,29.35,118.85,658.91,5
663,83,Male,unlimited,329.33,2,67.79,162.5,979.91,5
664,77,Female,premium,307.73,21,83.21,274.57,122.76,1
665,72,Female,unlimited,97.31,5,61.22,133.43,388.82,3
666,63,Female,basic,307.06,23,10.25,744.49,285.66,2
667,35,Female,premium,60.55,2,13.88,760.08,762.06,1
668,27,Male,premium,228.51,17,4.09,227.54,6.9,5
669,60,Female,basic,393.33,20,19.49,100.28,332.84,2
670,64,Male,premium,62.65,12,4.45,346.47,279.84,3
671,34,Male,unlimited,30.12,2,67.29,641.22,920.71,1
672,38,Female,premium,437.61,2,40.79,70.36,539.83,5
673,44,Male,basic,125.61,15,59.56,146.44,484.38,3
674,80,Male,basic,480.93,21,37.38,407.45,534.19,1
675,76,Male,basic,41.84,15,82.64,205.32,824.08,1
676,57,Female,unlimited,203.62,19,32.73,894.8,867.24,2
677,70,Male,unlimited,314.54,18,26.55,875.08,611.38,5
678,82,Female,basic,262.59,2,64.81,611.63,243.15,1
679,38,Male,basic,6.11,15,40.95,704.94,77.67,2
680,57,Male,premium,314.73,6,12.51,659.19,492.76,3
681,73,Male,basic,134.73,18,64.47,633.67,857.38,4
682,59,Male,basic,14.03,4,68.02,399.73,98.7,2
683,54,Male,unlimited,416.7,22,77.31,407.23,458.11,4
684,38,Female,premium,300.83,23,66.15,933.5,322.71,2
685,28,Female,basic,49.37,20,5.19,26.58,659.12,5
686,73,Male,unlimited,402.89,10,13.51,561.89,122.7,4
687,82,Female,unlimited,199.12,16,76.54,284.13,253.32,3
688,70,Male,premium,438.72,14,32.47,68.21,835.61,3
689,50,Male,basic,203.01,2,28.89,43.29,874.27,5
690,35,Female,basic,112.35,10,65.66,772.4,8.29,3
691,36,Male,basic,397.32,7,75.54,709.17,969.35,5
692,65,Male,basic,150.72,24,23.7,25.66,50.46,3
693,67,Male,unlimited,176.96,22,62.48,902.4,827.64,3
694,40,Agender,premium,16.16,3,66.19,775.62,753.45,4
695,26,Female,unlimited,63.54,8,42.71,931.21,915.99,3
696,51,Female,basic,358.4,6,25.55,172.25,537.78,2
697,31,Female,basic,58.53,22,14.78,389.87,751.27,2
698,66,Male,unlimited,459.77,10,31.1,321.08,148.7,4
699,60,Female,basic,139.12,8,44.44,762.31,364.23,4
700,55,Male,basic,242.15,17,30.39,656.77,754.48,4
701,22,Female,unlimited,399.68,20,47.56,198.09,216.29,5
702,44,Male,premium,129.77,3,38.45,938.07,502.57,5
703,69,Female,basic,41.43,20,90.51,239.25,786.82,4
704,23,Female,premium,356.24,10,56.09,792.86,480.97,5
705,75,Male,premium,297.26,12,45.84,119.21,756.62,1
706,22,Male,premium,239.29,24,6.33,175.44,792.3,1
707,26,Genderfluid,premium,452.94,21,68.89,522.64,820.85,4
708,18,Female,unlimited,28.4,20,33.03,823.74,204.72,4
709,32,Female,basic,347.67,23,88.48,916.33,364.18,4
710,79,Male,premium,120.38,6,23.11,974.18,346.39,1
711,57,Female,premium,366.35,11,32.95,139.62,672.37,5
712,58,Male,basic,51.29,5,30.3,176.9,492.13,5
713,50,Female,premium,71.85,6,97.8,674.61,509.26,1
714,53,Female,premium,403.95,7,54.15,964.63,913.63,3
715,78,Male,premium,50.04,5,40.72,519.02,970.52,2
716,40,Male,unlimited,282.89,17,62.35,132.5,826.38,2
717,29,Male,premium,33.17,23,69.2,828.23,316.34,2
718,32,Female,premium,73.54,24,35.96,77.52,854.34,3
719,62,Male,premium,298.9,18,32.28,406.53,320.74,4
720,58,Male,unlimited,482.42,13,88.46,245.21,845.99,1
721,58,Male,unlimited,209.43,1,24.7,419.74,217.26,4
722,30,Male,basic,210.12,4,2.64,97.21,406.45,1
723,50,Female,unlimited,230.1,4,16.75,404.29,961.43,2
724,51,Male,unlimited,34.8,20,55.3,733.78,475.42,4
725,46,Male,unlimited,436.67,13,73.85,532.57,769.96,4
726,79,Female,premium,377.49,4,64.42,494.26,852.72,4
727,41,Male,unlimited,469.28,24,82.31,103.89,346.87,3
728,24,Male,basic,401.77,13,62.49,306.43,281.06,1
729,50,Male,unlimited,284.09,23,89.45,919.5,355.16,4
730,56,Genderfluid,unlimited,89.7,8,65.87,597.95,607.33,4
731,76,Non-binary,premium,217.58,10,45.53,539.41,583.44,1
732,46,Female,unlimited,248.85,7,96.81,428.28,742.36,2
733,34,Female,premium,441.11,16,32.12,866.37,248.03,5
734,69,Male,basic,155.51,2,56.06,688.58,160.05,2
735,25,Male,basic,188.3,3,54.03,123.17,763.76,5
736,31,Male,basic,308.02,6,88.16,447.99,571.62,2
737,69,Female,premium,327.51,15,89.8,481.59,943.73,4
738,54,Male,premium,145.43,3,44.91,374.57,475.5,5
739,53,Female,unlimited,1.38,24,97.29,82.18,330.4,1
740,35,Male,premium,397.33,2,45.33,701.13,177.76,3
741,72,Male,unlimited,279.22,2,50.1,440.63,138.46,4
742,53,Female,premium,48.18,9,41.89,519.26,859.81,3
743,70,Female,premium,58.38,21,80.29,861.29,341.22,5
744,54,Female,premium,128.98,12,23.49,400.18,198.15,3
745,84,Male,basic,176.84,9,78.02,464.63,572.11,3
746,50,Male,premium,15.96,7,48.91,747.73,386.09,1
747,41,Female,premium,135.94,23,30.02,968.01,658.67,2
748,62,Female,unlimited,108.87,4,3.71,53.41,829.13,3
749,27,Female,unlimited,226.12,6,44.36,335.74,345.37,5
750,56,Female,basic,354.52,14,80.74,741.85,543.48,2
751,34,Female,premium,369.86,13,79.28,435.8,183.99,5
752,56,Female,unlimited,224.62,1,97.07,986.34,540.59,5
753,71,Male,premium,388.84,15,33.11,493.74,609.67,4
754,22,Male,unlimited,253.3,18,88.15,772.15,739.6,3
755,33,Female,premium,342.7,5,42.3,258.4,380.78,4
756,34,Male,premium,123.79,1,28.39,857.13,962.39,2
757,37,Male,premium,349.34,2,59.73,232.01,111.15,2
758,55,Female,unlimited,290.22,22,17.1,448.25,742.3,5
759,56,Agender,basic,86.93,10,9.69,522.66,268.8,1
760,83,Female,unlimited,445.29,9,74.34,516.1,976.2,1
761,67,Male,premium,411.26,1,8.01,409.07,788.93,4
762,37,Male,basic,284.52,11,70.74,735.57,722.11,3
763,27,Female,premium,492.21,11,97.02,789.79,997.49,4
764,65,Genderqueer,premium,24.68,20,69.63,757.98,64.9,4
765,72,Non-binary,basic,413.07,15,22.42,229.34,955.4,1
766,51,Male,premium,224.44,6,6.15,969.26,878.1,3
767,69,Male,premium,481.56,3,36.1,462.17,579.31,4
768,39,Male,premium,409.04,21,77.07,283.53,744.02,1
769,25,Polygender,basic,229.59,11,98.59,693.44,312.67,4
770,65,Male,premium,333.22,2,35.75,374.95,690.33,5
771,37,Female,unlimited,324.19,16,63.53,267.21,626.33,3
772,63,Female,premium,240.59,4,37.39,332.02,639.68,4
773,80,Female,basic,266.05,10,58.83,493.19,58.3,3
774,82,Female,basic,162.78,9,10.69,521.68,249.21,3
775,77,Agender,premium,458.82,14,50.69,718.13,799.06,3
776,44,Male,premium,383.6,11,56,552,336.88,2
777,68,Non-binary,premium,381.61,11,30.38,897.58,28.82,4
778,77,Male,unlimited,416.04,10,75.3,968.66,867.69,3
779,74,Female,premium,217.41,5,1.83,686.1,546.93,4
780,42,Male,basic,44.29,3,28.33,840.2,798.81,1
781,61,Female,basic,49.6,11,89.85,925.3,278.14,3
782,26,Agender,unlimited,460.98,9,10.45,996.68,867.02,2
783,63,Female,unlimited,72.55,17,6.67,774.96,861.16,1
784,30,Male,unlimited,362.89,19,81.76,526.03,670.71,1
785,57,Female,premium,441.11,10,80.65,380.87,644.89,1
786,23,Female,basic,42.69,15,66.64,499.21,360.19,3
787,85,Female,premium,297.1,23,89.06,508.27,411.27,3
788,48,Male,basic,413.28,20,3.52,674.75,351.49,4
789,56,Female,unlimited,202.95,17,43.57,8.34,946.64,1
790,28,Female,unlimited,278.19,8,40.04,721.59,963.22,3
791,32,Male,premium,444.6,7,84.95,518.81,416.16,2
792,27,Female,premium,19.64,1,18.95,462.35,461.63,2
793,83,Male,unlimited,427.75,13,78.09,40.75,23.55,1
794,60,Polygender,basic,35.89,14,29.16,410.21,551.05,3
795,63,Genderqueer,basic,346.86,23,46.85,622.79,168,5
796,76,Genderfluid,basic,32.74,5,27.37,701.91,356.61,4
797,72,Male,unlimited,427.12,22,3.44,679.39,994.96,2
798,29,Non-binary,basic,170.56,15,96.22,431.33,935.66,2
799,59,Male,basic,288.46,11,10.75,436.02,191.79,5
800,56,Male,basic,416.64,8,2.37,858.49,323.69,4
801,66,Agender,basic,216.28,6,49.12,93.51,730.77,1
802,68,Female,unlimited,60.47,5,79.28,810.2,751.62,4
803,39,Male,premium,488.86,3,14.62,851.84,623.3,4
804,51,Agender,premium,24.87,4,90.89,95.83,375.5,4
805,20,Male,premium,384.05,12,35.13,367.76,501.59,1
806,20,Male,premium,48.73,24,79.41,176.36,640.54,5
807,50,Non-binary,premium,377.85,24,41.51,366.12,445.07,4
808,35,Female,basic,476.01,10,76.82,925.55,788.96,2
809,21,Agender,premium,224.94,14,93.98,73.37,701.8,1
810,63,Male,premium,451.9,19,81.42,851.27,720.69,4
811,33,Male,basic,289,12,89.98,313.9,373.65,1
812,43,Male,basic,302.99,11,84.9,805.17,19.52,5
813,58,Male,unlimited,432.63,5,87.37,134.4,902.34,2
814,23,Male,basic,230.8,24,34.48,192.7,191.16,3
815,37,Male,premium,237.68,5,24.2,423.18,227.11,4
816,22,Male,unlimited,8.59,4,73.51,378.5,56.46,1
817,21,Female,basic,284.24,14,15.07,627.43,882.71,1
818,23,Female,basic,173.76,17,21.23,259.88,962.08,4
819,48,Female,premium,398.94,20,69.42,308.33,170.98,1
820,85,Female,unlimited,413.67,4,39.39,21.45,391.48,2
821,50,Male,unlimited,182.57,23,13.1,909.62,180.06,1
822,70,Male,premium,297.49,16,67.34,463.58,768.12,2
823,75,Female,unlimited,353.45,4,74.99,424.67,151.74,5
824,22,Male,unlimited,61.86,23,45.85,450.23,375.23,3
825,81,Female,unlimited,99.37,18,57.15,39.15,143.25,1
826,18,Male,unlimited,249.86,6,18.13,915.2,978.46,3
827,64,Male,premium,127.72,3,22.6,327.54,946.66,3
828,53,Male,unlimited,405.53,6,70.78,8.04,223.12,1
829,34,Female,unlimited,423.82,19,73.61,770.36,106.75,1
830,61,Male,basic,176.16,2,74.19,531.16,463.58,3
831,28,Male,premium,323.87,8,92.81,718.46,481.51,1
832,47,Male,premium,423.19,24,3.58,416.65,605.8,2
833,24,Female,basic,188.89,14,17.48,195.94,1.4,1
834,57,Male,basic,315.05,24,69.25,546.22,198.62,5
835,67,Female,premium,415.67,14,0.56,872.02,408.33,2
836,36,Male,unlimited,348.98,16,66.95,52.35,689.55,1
837,76,Female,premium,244.72,22,60.36,499.42,152.29,4
838,29,Female,unlimited,470.4,5,16.8,490.27,94.07,1
839,53,Female,premium,384.27,11,66.54,132.3,530.68,2
840,26,Male,unlimited,80.52,1,24.64,906.52,779.53,2
841,70,Male,premium,109.51,12,12.03,672.3,409.11,5
842,38,Female,basic,379.82,3,18.06,425.17,392.86,2
843,51,Genderfluid,unlimited,126.08,20,62.25,4.06,425.05,5
844,81,Male,basic,359.99,22,59.13,936.64,517.75,2
845,29,Female,premium,132.08,20,66.42,313.14,705.58,1
846,24,Female,premium,350.52,10,46.3,183.42,909.89,4
847,60,Female,unlimited,303.13,18,95.85,202.77,755.82,4
848,29,Female,basic,119.29,14,74.45,120.18,689.67,2
849,48,Bigender,premium,35,5,50.72,594.34,305.35,4
850,82,Male,premium,410.99,15,25.78,985.4,270.91,5
851,31,Female,premium,398.38,5,64.22,939.67,774.48,2
852,30,Female,unlimited,72.53,8,98.07,491.43,941.72,5
853,39,Male,unlimited,339.29,2,23.21,130.48,582.6,4
854,73,Female,basic,447.33,12,20.45,493.07,904.84,3
855,37,Female,unlimited,264.2,16,74.62,330.38,356.35,4
856,71,Male,basic,486.3,13,21.72,590.35,801.89,2
857,60,Female,basic,204.72,5,17.17,354.47,807.42,4
858,56,Male,basic,458.44,9,30.83,124.11,624.91,4
859,79,Male,premium,182.08,14,79.25,246.24,344.05,1
860,20,Female,premium,70.2,22,17.35,705.4,199.78,4
861,77,Male,premium,279.21,1,89.78,869.59,888.56,4
862,52,Female,basic,356.43,7,75.14,493.19,728.26,3
863,78,Agender,basic,281.86,14,80.82,70.98,566.47,3
864,83,Male,basic,423.03,16,88.27,372.3,799.78,4
865,18,Female,premium,52.02,9,16.17,599.4,236.98,4
866,30,Female,premium,407.68,1,86.56,880.16,644.24,2
867,77,Male,basic,102.26,2,61.05,775.01,379.64,3
868,51,Male,unlimited,475.68,16,16.55,299.94,502.37,5
869,81,Female,basic,184.1,19,46.17,579.49,400.76,3
870,36,Male,unlimited,161.82,21,15.22,631.01,445.46,4
871,49,Male,unlimited,323.34,4,70.69,558.62,924,4
872,79,Bigender,unlimited,72.41,5,97.97,415.42,381.68,4
873,44,Male,unlimited,467.51,3,99.34,284.31,140.02,3
874,57,Female,premium,320.42,21,4.02,522.61,49.21,5
875,41,Non-binary,premium,277.62,10,46.81,975.88,966.34,2
876,47,Male,premium,409.87,3,73.25,582.27,125.21,1
877,18,Female,basic,473.65,5,76.79,521.58,851.08,2
878,60,Non-binary,premium,415.73,18,70.74,8.08,349.03,5
879,77,Female,unlimited,434.43,14,99.28,663.79,782.59,3
880,49,Male,premium,173.62,14,99.87,240.98,838.14,2
881,80,Male,premium,278.32,3,33.06,20.13,801.15,1
882,57,Female,basic,22.38,9,88.83,604.36,249.93,3
883,53,Male,premium,296.71,5,99.75,850.42,906.51,3
884,62,Male,unlimited,86.26,24,59.35,529.08,520.68,2
885,19,Female,basic,208.67,17,81.29,512.47,626.72,4
886,54,Female,premium,242.02,14,87.24,118.35,832.86,2
887,41,Female,unlimited,415.68,2,92.42,996.98,53.71,3
888,83,Female,premium,12.62,24,44.91,293.36,693.1,2
889,24,Female,unlimited,440.02,15,8.47,681.63,929.14,3
890,74,Male,premium,15.79,12,9.92,77.55,60.64,1
891,59,Male,unlimited,256.79,5,94.41,126.55,446.23,5
892,72,Male,basic,455.01,21,92.92,801.76,217.66,3
893,51,Female,premium,211.52,15,40.09,412.58,313.72,3
894,26,Male,premium,433.14,20,47.01,245.38,740.76,2
895,53,Male,premium,32.8,15,43.96,267.01,409.8,2
896,26,Female,unlimited,176.45,23,59.69,982.56,714.35,1
897,36,Male,premium,107.45,14,59.74,408.03,685.66,2
898,35,Male,premium,448.03,7,72.21,407.61,972.07,5
899,24,Male,basic,51.04,21,85.19,689.2,903.24,3
900,31,Female,unlimited,4.26,18,83.2,535.45,702.72,4
901,50,Genderfluid,basic,227.35,12,19.23,776.55,48.09,2
902,47,Non-binary,basic,32.17,12,58.16,152.55,985.24,3
903,78,Female,basic,152.86,23,10.96,1.34,587.8,2
904,64,Male,unlimited,366.32,3,60.31,64.93,301.08,1
905,21,Male,basic,418.96,19,79.63,670.01,556.76,2
906,53,Male,premium,1.56,4,83.05,173.33,279.3,1
907,23,Female,basic,178.25,22,14.29,587.54,498.65,4
908,74,Female,premium,483.28,8,41.62,57.08,376.66,4
909,41,Female,basic,88.25,21,43.58,205.42,546.26,1
910,77,Male,premium,133.5,6,37.2,971.38,411.68,4
911,84,Female,premium,269.5,2,22.66,99.48,633.09,5
912,77,Male,premium,282.89,12,43.19,912.68,39.9,5
913,31,Female,premium,421.33,3,87.39,355.84,945.87,4
914,36,Genderqueer,basic,422.41,5,30.06,577.01,278.86,4
915,52,Female,unlimited,125.4,20,63.22,584.8,225.77,5
916,30,Male,basic,223.23,12,23.68,958.35,622.32,3
917,66,Female,basic,310.36,16,31.47,785,964.97,5
918,27,Female,premium,29.09,11,99.06,281.82,137.87,2
919,72,Female,basic,468.01,5,76.09,393.62,842.42,4
920,45,Female,basic,401.29,20,73.48,817.52,620.43,3
921,70,Female,unlimited,6.28,10,70.2,778.22,746.9,5
922,22,Male,basic,158.88,9,97.02,252.85,447.11,1
923,50,Female,premium,11.39,2,23.96,977.34,513.18,1
924,18,Female,premium,336.06,1,64.51,678.12,885.2,3
925,49,Male,basic,481.27,19,39.9,338.24,446.13,4
926,49,Polygender,unlimited,389.89,18,28.12,665.52,289.48,5
927,41,Male,basic,75.12,3,8.84,691.56,294.23,2
928,69,Female,unlimited,27.4,18,84.92,952.24,850.01,2
929,61,Female,premium,333.73,15,87.37,910.41,689.7,3
930,30,Female,basic,276.95,21,38.58,734.22,142.82,5
931,75,Male,premium,87.69,22,30.07,139.7,124.51,5
932,84,Male,unlimited,270.05,21,89.57,992.76,192.37,5
933,54,Female,premium,131.38,17,60.31,66.45,754.54,5
934,22,Male,unlimited,114.79,8,12.98,379.53,29.26,4
935,56,Male,basic,120.01,8,30.15,974.67,763.6,3
936,30,Female,basic,405.56,15,61.02,451.55,878.61,3
937,35,Male,unlimited,303.6,4,46.02,642.8,171.67,3
938,54,Female,premium,412.62,23,94.21,659.3,147.99,4
939,42,Agender,unlimited,49.58,3,31.79,366.62,888.25,5
940,30,Male,premium,118.11,4,17.43,943.29,693.9,1
941,78,Male,premium,80.83,9,25.44,908.77,585.71,2
942,38,Male,unlimited,315.68,21,40.02,264.6,16.5,5
943,77,Male,basic,126.99,13,51.3,99.83,859.13,2
944,70,Female,basic,93.48,7,79.3,113.2,947.61,2
945,29,Male,unlimited,14.36,8,13.02,937.75,878.31,2
946,53,Male,premium,0.87,14,76.38,224.35,63.68,4
947,53,Male,unlimited,94.43,2,75.73,400.5,233.38,4
948,19,Female,basic,63.1,18,45.84,621.23,437.5,2
949,80,Male,unlimited,225.62,21,95.46,19.76,849.72,2
950,32,Male,unlimited,402.64,3,52.12,54.34,56.11,5
951,32,Male,unlimited,369.07,7,62.2,80.24,627.27,5
952,45,Female,basic,306.53,20,32.91,957.63,10.69,5
953,20,Male,premium,79.32,20,72.14,295.7,323.53,5
954,84,Female,premium,182.94,18,95.63,289.8,562.92,1
955,49,Non-binary,basic,162.8,6,83.55,318.74,45.99,3
956,59,Male,premium,1.75,5,6.53,362.7,833.17,2
957,37,Male,unlimited,105.23,10,42.1,31.88,900.1,1
958,40,Male,unlimited,201.7,10,45.49,147.98,644.02,3
959,64,Female,unlimited,83.65,14,91.95,19.3,695.89,2
960,49,Male,unlimited,97.55,9,98.78,891.21,298.74,2
961,64,Male,basic,36.77,7,34.53,910.76,817.77,3
962,19,Male,premium,312.76,12,41.92,220.53,743.22,1
963,28,Female,unlimited,29.19,6,72.77,475.85,283,5
964,77,Male,unlimited,284.79,15,32.07,350.18,550.09,3
965,31,Agender,unlimited,277.73,21,89.42,617.95,57.39,5
966,53,Bigender,premium,168.55,1,10.32,706.68,854.53,3
967,73,Female,basic,445.6,8,98.57,335.03,689.51,1
968,42,Male,unlimited,452.6,1,33.7,95.72,99.36,3
969,30,Male,unlimited,341.44,11,44.38,813.53,51.05,3
970,25,Female,unlimited,375.25,6,58.8,862.83,480.39,4
971,52,Male,unlimited,32.49,7,35.04,222.64,514.05,3
972,32,Male,premium,333.19,21,40.41,71.07,621.36,1
973,75,Male,premium,76,16,24.31,969.34,279.06,1
974,49,Female,premium,184.93,24,9.15,433.81,148.24,1
975,26,Male,premium,368.48,6,61.78,441.58,297.42,1
976,33,Non-binary,premium,162.43,20,19.53,113.55,617.97,2
977,45,Female,unlimited,83,23,87.57,366.38,647.73,5
978,41,Male,premium,436.76,20,43.29,207.24,784.03,2
979,48,Female,basic,150.25,1,23.54,28.36,885.16,5
980,56,Male,basic,42.59,21,39.05,562.42,56.78,5
981,34,Male,basic,495.69,8,43.11,916.65,571.75,5
982,72,Male,basic,149.35,16,27.38,860.21,204.24,3
983,77,Male,premium,7.29,1,1.72,169.75,12.53,4
984,84,Male,unlimited,403.55,4,32.01,177.63,196.42,1
985,41,Male,basic,53.88,1,18.56,205.48,600.14,2
986,36,Male,premium,27.62,2,78.85,626.12,177.25,2
987,51,Female,unlimited,78.6,19,78.07,335.61,663.87,1
988,67,Agender,basic,499.8,13,69.48,798.64,495.25,4
989,80,Female,premium,467.57,14,95.96,12.72,776.71,4
990,31,Female,basic,431.96,5,30.84,676.15,160.83,5
991,58,Male,basic,100.36,5,94.71,62.28,508,3
992,64,Male,unlimited,477.76,24,85.77,418.97,870.87,5
993,55,Male,premium,410.36,16,6.23,19.74,38.39,4
994,70,Female,basic,323.56,2,14.99,62.71,914.53,3
995,57,Female,basic,200.89,3,19.89,399.27,792.43,2
996,23,Male,premium,388.22,8,91.63,799.18,918.4,3
997,32,Male,basic,104.82,14,15.39,308.88,223.38,1
998,73,Female,premium,268.68,24,3.48,78.44,39.1,2
999,55,Female,premium,67.15,20,15.83,225.4,958.11,2
1000,19,Female,premium,363.56,20,50.56,691.49,324.22,4
